{"cameraMode":{"drawMode":0,"name":"Shaded","section":"Shading Mode"},"sceneLighting":false,"audioPlay":false,"sceneViewState":{"showFog":false,"showMaterialUpdate":false,"showSkybox":false,"showFlares":false,"showImageEffects":false,"showParticleSystems":false},"in2DMode":false,"pivot":{"x":627.1799926757813,"y":25.170000076293947,"z":225.3000030517578},"rotation":{"x":-0.018889229744672777,"y":-0.26765474677085879,"z":-0.004832773935049772,"w":0.9633943438529968},"size":0.7088723182678223,"orthographic":false}